<templates id="template" xml:space="preserve">
  <t t-inherit="point_of_sale.OrderReceipt" t-inherit-mode="extension">
    <xpath expr="//div[hasclass('pos-receipt-amount')]" position="replace">
      CHANGE
      <span t-esc="env.pos.format_currency(receipt.change)" class="pos-receipt-right-align"/>
    </xpath>

    <xpath expr="//div[hasclass('pos-receipt-amount', 'receipt-change')]" position="replace">
	TOTAL
        <span t-esc="env.pos.format_currency(receipt.total_with_tax)" class="pos-receipt-right-align"/>
    </xpath>
  </t>
</templates>
