id,name,model_id:id,group_id:id,perm_read,perm_write,perm_create,perm_unlink
access_primer_modulo_group_usuario_1,primer.modulo.group.usuario.1,primer_modulo.model_casa,primer_modulo.group_usuario,1,1,1,1
access_primer_modulo_group_usuario_2,primer.modulo.group.usuario.2,primer_modulo.model_carro,primer_modulo.group_usuario,1,1,1,1
access_primer_modulo_group_usuario_3,primer.modulo.group.usuario.3,primer_modulo.model_persona,primer_modulo.group_usuario,1,1,1,1
access_primer_modulo_group_usuario_4,primer.modulo.group.usuario.4,base.model_res_partner,primer_modulo.group_usuario,1,1,1,1
